{
  "num_trials": 1,
  "trials": [
    {
      "trial": 1,
      "avg_query_time": 0.43089102387428285,
      "avg_recall_at_1": 0.0,
      "avg_recall_at_5": 0.735,
      "avg_recall_at_20": 0.955,
      "avg_recall_at_100": 0.955,
      "avg_nDCG_at_k": 0.4488119173729119
    }
  ],
  "avg_query_time_mean": 0.43089102387428285,
  "avg_query_time_std": 0.0,
  "avg_query_time_min": 0.43089102387428285,
  "avg_query_time_max": 0.43089102387428285,
  "avg_recall_at_1_mean": 0.0,
  "avg_recall_at_1_std": 0.0,
  "avg_recall_at_1_min": 0.0,
  "avg_recall_at_1_max": 0.0,
  "avg_recall_at_5_mean": 0.735,
  "avg_recall_at_5_std": 0.0,
  "avg_recall_at_5_min": 0.735,
  "avg_recall_at_5_max": 0.735,
  "avg_recall_at_20_mean": 0.955,
  "avg_recall_at_20_std": 0.0,
  "avg_recall_at_20_min": 0.955,
  "avg_recall_at_20_max": 0.955,
  "avg_recall_at_100_mean": 0.955,
  "avg_recall_at_100_std": 0.0,
  "avg_recall_at_100_min": 0.955,
  "avg_recall_at_100_max": 0.955,
  "avg_nDCG_at_k_mean": 0.4488119173729119,
  "avg_nDCG_at_k_std": 0.0,
  "avg_nDCG_at_k_min": 0.4488119173729119,
  "avg_nDCG_at_k_max": 0.4488119173729119
}