{
  "num_trials": 3,
  "trials": [
    {
      "trial": 1,
      "avg_query_time": 6.829599227636091,
      "avg_recall_at_1": 0.5584677419354839,
      "avg_recall_at_5": 0.524859985444663,
      "avg_recall_at_20": 0.655180801501366,
      "avg_nDCG_at_k": 0.5456233254098269
    },
    {
      "trial": 2,
      "avg_query_time": 6.6723559735769244,
      "avg_recall_at_1": 0.5582329317269076,
      "avg_recall_at_5": 0.5244932053666994,
      "avg_recall_at_20": 0.6433173865402781,
      "avg_nDCG_at_k": 0.5392035496663926
    },
    {
      "trial": 3,
      "avg_query_time": 6.732082910193709,
      "avg_recall_at_1": 0.5571142284569138,
      "avg_recall_at_5": 0.5277205148447633,
      "avg_recall_at_20": 0.666566983450751,
      "avg_nDCG_at_k": 0.543502839030117
    }
  ],
  "avg_query_time_mean": 6.7446793704689085,
  "avg_query_time_std": 0.0648092758040978,
  "avg_query_time_min": 6.6723559735769244,
  "avg_query_time_max": 6.829599227636091,
  "avg_recall_at_1_mean": 0.557938300706435,
  "avg_recall_at_1_std": 0.0005905394499021998,
  "avg_recall_at_1_min": 0.5571142284569138,
  "avg_recall_at_1_max": 0.5584677419354839,
  "avg_recall_at_5_mean": 0.5256912352187085,
  "avg_recall_at_5_std": 0.0014427089697136878,
  "avg_recall_at_5_min": 0.5244932053666994,
  "avg_recall_at_5_max": 0.5277205148447633,
  "avg_recall_at_20_mean": 0.6550217238307984,
  "avg_recall_at_20_std": 0.009492274697662399,
  "avg_recall_at_20_min": 0.6433173865402781,
  "avg_recall_at_20_max": 0.666566983450751,
  "avg_nDCG_at_k_mean": 0.5427765713687789,
  "avg_nDCG_at_k_std": 0.0026707026149094333,
  "avg_nDCG_at_k_min": 0.5392035496663926,
  "avg_nDCG_at_k_max": 0.5456233254098269
}