{
  "num_trials": 1,
  "trials": [
    {
      "trial": 1,
      "avg_query_time": 5.713278632164002,
      "avg_recall_at_1": 0.27104365079365084,
      "avg_recall_at_5": 0.4884325396825397,
      "avg_recall_at_20": 0.6366746031746032,
      "avg_recall_at_100": 0.6366746031746032,
      "avg_nDCG_at_k": 0.5101164714766924
    }
  ],
  "avg_query_time_mean": 5.713278632164002,
  "avg_query_time_std": 0.0,
  "avg_query_time_min": 5.713278632164002,
  "avg_query_time_max": 5.713278632164002,
  "avg_recall_at_1_mean": 0.27104365079365084,
  "avg_recall_at_1_std": 0.0,
  "avg_recall_at_1_min": 0.27104365079365084,
  "avg_recall_at_1_max": 0.27104365079365084,
  "avg_recall_at_5_mean": 0.4884325396825397,
  "avg_recall_at_5_std": 0.0,
  "avg_recall_at_5_min": 0.4884325396825397,
  "avg_recall_at_5_max": 0.4884325396825397,
  "avg_recall_at_20_mean": 0.6366746031746032,
  "avg_recall_at_20_std": 0.0,
  "avg_recall_at_20_min": 0.6366746031746032,
  "avg_recall_at_20_max": 0.6366746031746032,
  "avg_recall_at_100_mean": 0.6366746031746032,
  "avg_recall_at_100_std": 0.0,
  "avg_recall_at_100_min": 0.6366746031746032,
  "avg_recall_at_100_max": 0.6366746031746032,
  "avg_nDCG_at_k_mean": 0.5101164714766924,
  "avg_nDCG_at_k_std": 0.0,
  "avg_nDCG_at_k_min": 0.5101164714766924,
  "avg_nDCG_at_k_max": 0.5101164714766924
}