{
  "num_trials": 3,
  "trials": [
    {
      "trial": 1,
      "avg_query_time": 5.548246305783589,
      "avg_recall_at_1": 0.6607777777777778,
      "avg_recall_at_5": 0.8503888888888889,
      "avg_recall_at_20": 0.9093333333333333,
      "avg_nDCG_at_k": 0.7880388119446116
    },
    {
      "trial": 2,
      "avg_query_time": 5.512252513194245,
      "avg_recall_at_1": 0.6551454138702462,
      "avg_recall_at_5": 0.8544183445190157,
      "avg_recall_at_20": 0.912751677852349,
      "avg_nDCG_at_k": 0.7876374139356332
    },
    {
      "trial": 3,
      "avg_query_time": 5.784795161061639,
      "avg_recall_at_1": 0.662695749440716,
      "avg_recall_at_5": 0.8577740492170023,
      "avg_recall_at_20": 0.9288590604026846,
      "avg_nDCG_at_k": 0.7974120716725644
    }
  ],
  "avg_query_time_mean": 5.615097993346491,
  "avg_query_time_std": 0.1208904044280009,
  "avg_query_time_min": 5.512252513194245,
  "avg_query_time_max": 5.784795161061639,
  "avg_recall_at_1_mean": 0.6595396470295799,
  "avg_recall_at_1_std": 0.0032043322360933027,
  "avg_recall_at_1_min": 0.6551454138702462,
  "avg_recall_at_1_max": 0.662695749440716,
  "avg_recall_at_5_mean": 0.8541937608749689,
  "avg_recall_at_5_std": 0.0030191584509445765,
  "avg_recall_at_5_min": 0.8503888888888889,
  "avg_recall_at_5_max": 0.8577740492170023,
  "avg_recall_at_20_mean": 0.9169813571961223,
  "avg_recall_at_20_std": 0.00851395501162871,
  "avg_recall_at_20_min": 0.9093333333333333,
  "avg_recall_at_20_max": 0.9288590604026846,
  "avg_nDCG_at_k_mean": 0.791029432517603,
  "avg_nDCG_at_k_std": 0.004516181427359281,
  "avg_nDCG_at_k_min": 0.7876374139356332,
  "avg_nDCG_at_k_max": 0.7974120716725644
}