{
  "num_trials": 1,
  "trials": [
    {
      "trial": 1,
      "avg_query_time": 0.2601120019566833,
      "avg_recall_at_1": 0.37717265353418306,
      "avg_recall_at_5": 0.703118964851294,
      "avg_recall_at_20": 0.8716444573194283
    }
  ],
  "avg_query_time_mean": 0.2601120019566833,
  "avg_query_time_std": 0.0,
  "avg_query_time_min": 0.2601120019566833,
  "avg_query_time_max": 0.2601120019566833,
  "avg_recall_at_1_mean": 0.37717265353418306,
  "avg_recall_at_1_std": 0.0,
  "avg_recall_at_1_min": 0.37717265353418306,
  "avg_recall_at_1_max": 0.37717265353418306,
  "avg_recall_at_5_mean": 0.703118964851294,
  "avg_recall_at_5_std": 0.0,
  "avg_recall_at_5_min": 0.703118964851294,
  "avg_recall_at_5_max": 0.703118964851294,
  "avg_recall_at_20_mean": 0.8716444573194283,
  "avg_recall_at_20_std": 0.0,
  "avg_recall_at_20_min": 0.8716444573194283,
  "avg_recall_at_20_max": 0.8716444573194283
}