{
  "num_trials": 3,
  "trials": [
    {
      "trial": 1,
      "avg_query_time": 7.656680771519633,
      "avg_recall_at_1": 0.2865963119827108,
      "avg_recall_at_5": 0.5171677541074758,
      "avg_recall_at_20": 0.6545207625964968,
      "avg_nDCG_at_k": 0.5287018204326986
    },
    {
      "trial": 2,
      "avg_query_time": 7.643222684092566,
      "avg_recall_at_1": 0.2871689584924879,
      "avg_recall_at_5": 0.5124011910002623,
      "avg_recall_at_20": 0.6452835434259583,
      "avg_nDCG_at_k": 0.526865395330424
    },
    {
      "trial": 3,
      "avg_query_time": 7.554673367609549,
      "avg_recall_at_1": 0.28470323536113007,
      "avg_recall_at_5": 0.518335757809442,
      "avg_recall_at_20": 0.6582514750471408,
      "avg_nDCG_at_k": 0.5324261201845307
    }
  ],
  "avg_query_time_mean": 7.618192274407249,
  "avg_query_time_std": 0.045249446920228295,
  "avg_query_time_min": 7.554673367609549,
  "avg_query_time_max": 7.656680771519633,
  "avg_recall_at_1_mean": 0.28615616861210963,
  "avg_recall_at_1_std": 0.0010536420265414067,
  "avg_recall_at_1_min": 0.28470323536113007,
  "avg_recall_at_1_max": 0.2871689584924879,
  "avg_recall_at_5_mean": 0.5159682343057267,
  "avg_recall_at_5_std": 0.0025669575531155637,
  "avg_recall_at_5_min": 0.5124011910002623,
  "avg_recall_at_5_max": 0.518335757809442,
  "avg_recall_at_20_mean": 0.652685260356532,
  "avg_recall_at_20_std": 0.005450909036579934,
  "avg_recall_at_20_min": 0.6452835434259583,
  "avg_recall_at_20_max": 0.6582514750471408,
  "avg_nDCG_at_k_mean": 0.5293311119825511,
  "avg_nDCG_at_k_std": 0.0023133555882897208,
  "avg_nDCG_at_k_min": 0.526865395330424,
  "avg_nDCG_at_k_max": 0.5324261201845307
}