{
  "avg_query_time": 0.2738074421882629,
  "query_times": [
    0.22894811630249023,
    0.26899099349975586,
    0.2996509075164795,
    0.24991106986999512,
    0.28509521484375,
    0.2870919704437256,
    0.2590639591217041,
    0.26440906524658203,
    0.28850817680358887,
    0.2652108669281006,
    0.2648482322692871,
    0.3119068145751953,
    0.2787919044494629,
    0.2771897315979004,
    0.25153088569641113,
    0.25598716735839844,
    0.26656103134155273,
    0.29239916801452637,
    0.2862119674682617,
    0.266247034072876,
    0.2555510997772217,
    0.2565157413482666,
    0.2778909206390381,
    0.2807159423828125,
    0.29918479919433594,
    0.26163291931152344,
    0.3085179328918457,
    0.30414271354675293,
    0.2574577331542969,
    0.2638058662414551,
    0.2642989158630371,
    0.24883699417114258,
    0.2535419464111328,
    0.29138708114624023,
    0.2770388126373291,
    0.29466700553894043,
    0.25837087631225586,
    0.2587862014770508,
    0.2955911159515381,
    0.25905489921569824,
    0.24943089485168457,
    0.2795078754425049,
    0.299365758895874,
    0.2651970386505127,
    0.2470560073852539,
    0.2525770664215088,
    0.2583000659942627,
    0.29668402671813965,
    0.25870180130004883,
    0.2963218688964844,
    0.2474501132965088,
    0.2576768398284912,
    0.2998332977294922,
    0.3008410930633545,
    0.26241517066955566,
    0.25347113609313965,
    0.2568020820617676,
    0.2526991367340088,
    0.2874927520751953,
    0.27900218963623047,
    0.2538778781890869,
    0.24518895149230957,
    0.29160308837890625,
    0.27797985076904297,
    0.292464017868042,
    0.3030400276184082,
    0.25955677032470703,
    0.2657959461212158,
    0.3022611141204834,
    0.25986289978027344,
    0.26010990142822266,
    0.3294668197631836,
    0.28000402450561523,
    0.25965428352355957,
    0.296860933303833,
    0.2811698913574219,
    0.25521278381347656,
    0.2535581588745117,
    0.25577783584594727,
    0.28571295738220215,
    0.267974853515625,
    0.3033559322357178,
    0.3045201301574707,
    0.2687520980834961,
    0.26644301414489746,
    0.29493284225463867,
    0.2675628662109375,
    0.29715418815612793,
    0.2952539920806885,
    0.2696528434753418,
    0.25057315826416016,
    0.2626991271972656,
    0.28430891036987305,
    0.2798306941986084,
    0.2702059745788574,
    0.2530250549316406,
    0.28385114669799805,
    0.2635672092437744,
    0.2884061336517334,
    0.2831459045410156
  ],
  "avg_recall_at_1": 0.52,
  "recall_at_1_scores": [
    1.0,
    0.0,
    0.0,
    1.0,
    0.0,
    0.0,
    0.0,
    1.0,
    0.0,
    1.0,
    1.0,
    1.0,
    0.0,
    0.0,
    1.0,
    1.0,
    0.0,
    0.0,
    1.0,
    0.0,
    1.0,
    1.0,
    1.0,
    1.0,
    0.0,
    1.0,
    0.0,
    1.0,
    1.0,
    1.0,
    1.0,
    0.0,
    0.0,
    0.0,
    0.0,
    1.0,
    0.0,
    0.0,
    1.0,
    0.0,
    1.0,
    0.0,
    1.0,
    0.0,
    1.0,
    1.0,
    0.0,
    0.0,
    1.0,
    1.0,
    1.0,
    1.0,
    1.0,
    1.0,
    0.0,
    0.0,
    0.0,
    0.0,
    0.0,
    0.0,
    0.0,
    0.0,
    1.0,
    1.0,
    0.0,
    1.0,
    1.0,
    0.0,
    0.0,
    0.0,
    1.0,
    0.0,
    0.0,
    0.0,
    1.0,
    1.0,
    1.0,
    0.0,
    1.0,
    1.0,
    1.0,
    0.0,
    1.0,
    1.0,
    0.0,
    0.0,
    0.0,
    1.0,
    1.0,
    1.0,
    0.0,
    1.0,
    1.0,
    1.0,
    1.0,
    1.0,
    0.0,
    0.0,
    1.0,
    0.0
  ],
  "avg_recall_at_5": 0.81,
  "recall_at_5_scores": [
    1.0,
    1.0,
    1.0,
    1.0,
    1.0,
    1.0,
    1.0,
    1.0,
    0.0,
    1.0,
    1.0,
    1.0,
    0.0,
    1.0,
    1.0,
    1.0,
    1.0,
    1.0,
    1.0,
    1.0,
    1.0,
    1.0,
    1.0,
    1.0,
    1.0,
    1.0,
    0.0,
    1.0,
    1.0,
    1.0,
    1.0,
    0.0,
    0.0,
    1.0,
    0.0,
    1.0,
    1.0,
    0.0,
    1.0,
    1.0,
    1.0,
    1.0,
    1.0,
    1.0,
    1.0,
    1.0,
    0.0,
    0.0,
    1.0,
    1.0,
    1.0,
    1.0,
    1.0,
    1.0,
    0.0,
    1.0,
    0.0,
    0.0,
    0.0,
    1.0,
    1.0,
    1.0,
    1.0,
    1.0,
    0.0,
    1.0,
    1.0,
    1.0,
    1.0,
    0.0,
    1.0,
    1.0,
    0.0,
    0.0,
    1.0,
    1.0,
    1.0,
    1.0,
    1.0,
    1.0,
    1.0,
    1.0,
    1.0,
    1.0,
    0.0,
    0.0,
    1.0,
    1.0,
    1.0,
    1.0,
    1.0,
    1.0,
    1.0,
    1.0,
    1.0,
    1.0,
    1.0,
    1.0,
    1.0,
    1.0
  ],
  "avg_recall_at_20": 0.94,
  "recall_at_20_scores": [
    1.0,
    1.0,
    1.0,
    1.0,
    1.0,
    1.0,
    1.0,
    1.0,
    1.0,
    1.0,
    1.0,
    1.0,
    1.0,
    1.0,
    1.0,
    1.0,
    1.0,
    1.0,
    1.0,
    1.0,
    1.0,
    1.0,
    1.0,
    1.0,
    1.0,
    1.0,
    1.0,
    1.0,
    1.0,
    1.0,
    1.0,
    1.0,
    1.0,
    1.0,
    0.0,
    1.0,
    1.0,
    1.0,
    1.0,
    1.0,
    1.0,
    1.0,
    1.0,
    1.0,
    1.0,
    1.0,
    0.0,
    0.0,
    1.0,
    1.0,
    1.0,
    1.0,
    1.0,
    1.0,
    1.0,
    1.0,
    1.0,
    1.0,
    0.0,
    1.0,
    1.0,
    1.0,
    1.0,
    1.0,
    0.0,
    1.0,
    1.0,
    1.0,
    1.0,
    1.0,
    1.0,
    1.0,
    1.0,
    0.0,
    1.0,
    1.0,
    1.0,
    1.0,
    1.0,
    1.0,
    1.0,
    1.0,
    1.0,
    1.0,
    1.0,
    1.0,
    1.0,
    1.0,
    1.0,
    1.0,
    1.0,
    1.0,
    1.0,
    1.0,
    1.0,
    1.0,
    1.0,
    1.0,
    1.0,
    1.0
  ],
  "timestamp": "2025-08-18T15:42:59.405526"
}