{
  "avg_query_time": 7.873605237007141,
  "query_times": [
    6.837453126907349,
    7.479782819747925,
    6.467588186264038,
    8.275453329086304,
    8.783714056015015,
    6.561867713928223,
    7.179563999176025,
    6.453575849533081,
    7.077732086181641,
    7.130211114883423,
    17.078117847442627,
    7.220524072647095,
    10.40559196472168,
    10.404025077819824,
    7.292194128036499,
    8.77463984489441,
    8.57945990562439,
    10.167402982711792,
    6.25117301940918,
    9.035638809204102,
    7.263944149017334,
    12.20016622543335,
    8.072983026504517,
    5.9348039627075195,
    8.746670007705688,
    9.535090923309326,
    7.341275930404663,
    7.553402900695801,
    7.578701734542847,
    8.396385908126831,
    8.366569995880127,
    11.595566272735596,
    8.296007871627808,
    8.918840169906616,
    9.225958824157715,
    14.782541036605835,
    11.479697942733765,
    8.96532130241394,
    6.0727760791778564,
    10.025734901428223,
    6.7322540283203125,
    7.096673965454102,
    6.796529769897461,
    7.629225254058838,
    6.713769197463989,
    7.150800704956055,
    7.404656887054443,
    6.254328012466431,
    6.942970037460327,
    6.865525722503662,
    6.266914129257202,
    7.1728668212890625,
    6.3310441970825195,
    6.4703757762908936,
    6.640223979949951,
    6.54238486289978,
    6.780351161956787,
    6.427005052566528,
    8.779886960983276,
    7.681593179702759,
    5.6466779708862305,
    7.662014961242676,
    6.247098922729492,
    11.06678819656372,
    7.477556943893433,
    6.198038101196289,
    7.888985872268677,
    7.485558986663818,
    6.990653991699219,
    7.455525875091553,
    11.492165327072144,
    7.077749013900757,
    9.139049291610718,
    7.35162091255188,
    7.21801495552063,
    7.680402994155884,
    5.648759126663208,
    8.364474058151245,
    5.815670967102051,
    7.542984247207642,
    6.231632947921753,
    8.712790966033936,
    7.504057168960571,
    6.103836297988892,
    7.989257097244263,
    5.629396915435791,
    5.8675408363342285,
    15.16649317741394,
    6.334765195846558,
    8.201501846313477,
    7.139051914215088,
    6.658005952835083,
    6.252202987670898,
    6.70508885383606,
    6.779201984405518,
    6.887063026428223,
    8.244415998458862,
    8.530317068099976,
    6.425369024276733,
    8.061214923858643
  ],
  "avg_recall_at_1": 0.62,
  "recall_at_1_scores": [
    1.0,
    1.0,
    0.0,
    1.0,
    0.0,
    0.0,
    0.0,
    1.0,
    0.0,
    1.0,
    1.0,
    1.0,
    0.0,
    0.0,
    1.0,
    1.0,
    0.0,
    0.0,
    1.0,
    0.0,
    1.0,
    1.0,
    1.0,
    1.0,
    0.0,
    1.0,
    0.0,
    1.0,
    1.0,
    1.0,
    1.0,
    0.0,
    0.0,
    1.0,
    0.0,
    1.0,
    1.0,
    0.0,
    1.0,
    1.0,
    1.0,
    0.0,
    1.0,
    1.0,
    0.0,
    1.0,
    1.0,
    0.0,
    1.0,
    1.0,
    1.0,
    1.0,
    1.0,
    1.0,
    1.0,
    1.0,
    0.0,
    0.0,
    0.0,
    1.0,
    0.0,
    0.0,
    1.0,
    1.0,
    0.0,
    0.0,
    1.0,
    0.0,
    1.0,
    0.0,
    1.0,
    0.0,
    1.0,
    0.0,
    1.0,
    1.0,
    1.0,
    0.0,
    1.0,
    1.0,
    1.0,
    0.0,
    1.0,
    1.0,
    0.0,
    0.0,
    0.0,
    1.0,
    1.0,
    1.0,
    0.0,
    1.0,
    1.0,
    1.0,
    1.0,
    1.0,
    0.0,
    0.0,
    1.0,
    1.0
  ],
  "avg_recall_at_5": 0.87,
  "recall_at_5_scores": [
    1.0,
    1.0,
    1.0,
    1.0,
    1.0,
    1.0,
    1.0,
    1.0,
    0.0,
    1.0,
    1.0,
    1.0,
    0.0,
    1.0,
    1.0,
    1.0,
    1.0,
    1.0,
    1.0,
    1.0,
    1.0,
    1.0,
    1.0,
    1.0,
    1.0,
    1.0,
    1.0,
    1.0,
    1.0,
    1.0,
    1.0,
    0.0,
    0.0,
    1.0,
    0.0,
    1.0,
    1.0,
    0.0,
    1.0,
    1.0,
    1.0,
    1.0,
    1.0,
    1.0,
    1.0,
    1.0,
    1.0,
    0.0,
    1.0,
    1.0,
    1.0,
    1.0,
    1.0,
    1.0,
    1.0,
    1.0,
    1.0,
    0.0,
    0.0,
    1.0,
    1.0,
    1.0,
    1.0,
    1.0,
    0.0,
    1.0,
    1.0,
    1.0,
    1.0,
    0.0,
    1.0,
    1.0,
    1.0,
    0.0,
    1.0,
    1.0,
    1.0,
    1.0,
    1.0,
    1.0,
    1.0,
    1.0,
    1.0,
    1.0,
    1.0,
    1.0,
    0.0,
    1.0,
    1.0,
    1.0,
    1.0,
    1.0,
    1.0,
    1.0,
    1.0,
    1.0,
    1.0,
    1.0,
    1.0,
    1.0
  ],
  "avg_recall_at_20": 0.93,
  "recall_at_20_scores": [
    1.0,
    1.0,
    1.0,
    1.0,
    1.0,
    1.0,
    1.0,
    1.0,
    0.0,
    1.0,
    1.0,
    1.0,
    0.0,
    1.0,
    1.0,
    1.0,
    1.0,
    1.0,
    1.0,
    1.0,
    1.0,
    1.0,
    1.0,
    1.0,
    1.0,
    1.0,
    1.0,
    1.0,
    1.0,
    1.0,
    1.0,
    1.0,
    1.0,
    1.0,
    0.0,
    1.0,
    1.0,
    1.0,
    1.0,
    1.0,
    1.0,
    1.0,
    1.0,
    1.0,
    1.0,
    1.0,
    1.0,
    0.0,
    1.0,
    1.0,
    1.0,
    1.0,
    1.0,
    1.0,
    1.0,
    1.0,
    1.0,
    1.0,
    1.0,
    1.0,
    1.0,
    1.0,
    1.0,
    1.0,
    0.0,
    1.0,
    1.0,
    1.0,
    1.0,
    1.0,
    1.0,
    1.0,
    1.0,
    0.0,
    1.0,
    1.0,
    1.0,
    1.0,
    1.0,
    1.0,
    1.0,
    1.0,
    1.0,
    1.0,
    1.0,
    1.0,
    0.0,
    1.0,
    1.0,
    1.0,
    1.0,
    1.0,
    1.0,
    1.0,
    1.0,
    1.0,
    1.0,
    1.0,
    1.0,
    1.0
  ],
  "timestamp": "2025-08-18T15:47:18.826003"
}