{
  "num_trials": 1,
  "trials": [
    {
      "trial": 1,
      "avg_query_time": 6.839439079390099,
      "avg_recall_at_1": 0.316626784717237,
      "avg_recall_at_5": 0.585146149216501,
      "avg_recall_at_20": 0.7099574350830632,
      "avg_nDCG_at_k": 0.6375622626481
    }
  ],
  "avg_query_time_mean": 6.839439079390099,
  "avg_query_time_std": 0.0,
  "avg_query_time_min": 6.839439079390099,
  "avg_query_time_max": 6.839439079390099,
  "avg_recall_at_1_mean": 0.316626784717237,
  "avg_recall_at_1_std": 0.0,
  "avg_recall_at_1_min": 0.316626784717237,
  "avg_recall_at_1_max": 0.316626784717237,
  "avg_recall_at_5_mean": 0.585146149216501,
  "avg_recall_at_5_std": 0.0,
  "avg_recall_at_5_min": 0.585146149216501,
  "avg_recall_at_5_max": 0.585146149216501,
  "avg_recall_at_20_mean": 0.7099574350830632,
  "avg_recall_at_20_std": 0.0,
  "avg_recall_at_20_min": 0.7099574350830632,
  "avg_recall_at_20_max": 0.7099574350830632,
  "avg_nDCG_at_k_mean": 0.6375622626481,
  "avg_nDCG_at_k_std": 0.0,
  "avg_nDCG_at_k_min": 0.6375622626481,
  "avg_nDCG_at_k_max": 0.6375622626481
}