{
  "num_trials": 1,
  "trials": [
    {
      "trial": 1,
      "avg_query_time": 6.988960449420028,
      "avg_recall_at_1": 0.24166569053503728,
      "avg_recall_at_5": 0.5690030788219098,
      "avg_recall_at_20": 0.7508789059833757,
      "avg_success_at_k": 0.9346733668341709
    }
  ],
  "avg_query_time_mean": 6.988960449420028,
  "avg_query_time_std": 0.0,
  "avg_query_time_min": 6.988960449420028,
  "avg_query_time_max": 6.988960449420028,
  "avg_recall_at_1_mean": 0.24166569053503728,
  "avg_recall_at_1_std": 0.0,
  "avg_recall_at_1_min": 0.24166569053503728,
  "avg_recall_at_1_max": 0.24166569053503728,
  "avg_recall_at_5_mean": 0.5690030788219098,
  "avg_recall_at_5_std": 0.0,
  "avg_recall_at_5_min": 0.5690030788219098,
  "avg_recall_at_5_max": 0.5690030788219098,
  "avg_recall_at_20_mean": 0.7508789059833757,
  "avg_recall_at_20_std": 0.0,
  "avg_recall_at_20_min": 0.7508789059833757,
  "avg_recall_at_20_max": 0.7508789059833757,
  "avg_success_at_k_mean": 0.9346733668341709,
  "avg_success_at_k_std": 0.0,
  "avg_success_at_k_min": 0.9346733668341709,
  "avg_success_at_k_max": 0.9346733668341709
}