{
  "num_trials": 1,
  "trials": [
    {
      "trial": 1,
      "avg_query_time": 5.11715482467383,
      "avg_recall_at_1": 0.41729480737018426,
      "avg_recall_at_5": 0.6902129696099545,
      "avg_recall_at_20": 0.8070471404642259,
      "avg_success_at_k": 0.8542713567839196
    }
  ],
  "avg_query_time_mean": 5.11715482467383,
  "avg_query_time_std": 0.0,
  "avg_query_time_min": 5.11715482467383,
  "avg_query_time_max": 5.11715482467383,
  "avg_recall_at_1_mean": 0.41729480737018426,
  "avg_recall_at_1_std": 0.0,
  "avg_recall_at_1_min": 0.41729480737018426,
  "avg_recall_at_1_max": 0.41729480737018426,
  "avg_recall_at_5_mean": 0.6902129696099545,
  "avg_recall_at_5_std": 0.0,
  "avg_recall_at_5_min": 0.6902129696099545,
  "avg_recall_at_5_max": 0.6902129696099545,
  "avg_recall_at_20_mean": 0.8070471404642259,
  "avg_recall_at_20_std": 0.0,
  "avg_recall_at_20_min": 0.8070471404642259,
  "avg_recall_at_20_max": 0.8070471404642259,
  "avg_success_at_k_mean": 0.8542713567839196,
  "avg_success_at_k_std": 0.0,
  "avg_success_at_k_min": 0.8542713567839196,
  "avg_success_at_k_max": 0.8542713567839196
}