{
  "num_trials": 1,
  "trials": [
    {
      "trial": 1,
      "avg_query_time": 5.396921458870474,
      "avg_recall_at_1": 0.318646785313452,
      "avg_recall_at_5": 0.5795576617546315,
      "avg_recall_at_20": 0.6968700351276109,
      "avg_success_at_k": 0.8585858585858586
    }
  ],
  "avg_query_time_mean": 5.396921458870474,
  "avg_query_time_std": 0.0,
  "avg_query_time_min": 5.396921458870474,
  "avg_query_time_max": 5.396921458870474,
  "avg_recall_at_1_mean": 0.318646785313452,
  "avg_recall_at_1_std": 0.0,
  "avg_recall_at_1_min": 0.318646785313452,
  "avg_recall_at_1_max": 0.318646785313452,
  "avg_recall_at_5_mean": 0.5795576617546315,
  "avg_recall_at_5_std": 0.0,
  "avg_recall_at_5_min": 0.5795576617546315,
  "avg_recall_at_5_max": 0.5795576617546315,
  "avg_recall_at_20_mean": 0.6968700351276109,
  "avg_recall_at_20_std": 0.0,
  "avg_recall_at_20_min": 0.6968700351276109,
  "avg_recall_at_20_max": 0.6968700351276109,
  "avg_success_at_k_mean": 0.8585858585858586,
  "avg_success_at_k_std": 0.0,
  "avg_success_at_k_min": 0.8585858585858586,
  "avg_success_at_k_max": 0.8585858585858586
}