{
  "num_trials": 1,
  "trials": [
    {
      "trial": 1,
      "avg_query_time": 0.2796867823600769,
      "avg_recall_at_1": 0.18837384837384838,
      "avg_recall_at_5": 0.4741201386332965,
      "avg_recall_at_20": 0.6781526879553195,
      "avg_nDCG_at_k": 0.5847135101738081
    }
  ],
  "avg_query_time_mean": 0.2796867823600769,
  "avg_query_time_std": 0.0,
  "avg_query_time_min": 0.2796867823600769,
  "avg_query_time_max": 0.2796867823600769,
  "avg_recall_at_1_mean": 0.18837384837384838,
  "avg_recall_at_1_std": 0.0,
  "avg_recall_at_1_min": 0.18837384837384838,
  "avg_recall_at_1_max": 0.18837384837384838,
  "avg_recall_at_5_mean": 0.4741201386332965,
  "avg_recall_at_5_std": 0.0,
  "avg_recall_at_5_min": 0.4741201386332965,
  "avg_recall_at_5_max": 0.4741201386332965,
  "avg_recall_at_20_mean": 0.6781526879553195,
  "avg_recall_at_20_std": 0.0,
  "avg_recall_at_20_min": 0.6781526879553195,
  "avg_recall_at_20_max": 0.6781526879553195,
  "avg_nDCG_at_k_mean": 0.5847135101738081,
  "avg_nDCG_at_k_std": 0.0,
  "avg_nDCG_at_k_min": 0.5847135101738081,
  "avg_nDCG_at_k_max": 0.5847135101738081
}