{
  "num_trials": 3,
  "trials": [
    {
      "trial": 1,
      "avg_query_time": 5.905023264453205,
      "avg_recall_at_1": 0.30163462738915453,
      "avg_recall_at_5": 0.5870621274544816,
      "avg_recall_at_20": 0.7251334123064505,
      "avg_success_at_k": 0.8551307847082495
    },
    {
      "trial": 2,
      "avg_query_time": 5.733876483094308,
      "avg_recall_at_1": 0.2986792609272448,
      "avg_recall_at_5": 0.5955964454452357,
      "avg_recall_at_20": 0.7229543418051483,
      "avg_success_at_k": 0.8588709677419355
    },
    {
      "trial": 3,
      "avg_query_time": 5.723414590281825,
      "avg_recall_at_1": 0.3000905512498254,
      "avg_recall_at_5": 0.5970557388400131,
      "avg_recall_at_20": 0.7266704341805149,
      "avg_success_at_k": 0.8709677419354839
    }
  ],
  "avg_query_time_mean": 5.78743811260978,
  "avg_query_time_std": 0.08325488474492476,
  "avg_query_time_min": 5.723414590281825,
  "avg_query_time_max": 5.905023264453205,
  "avg_recall_at_1_mean": 0.3001348131887416,
  "avg_recall_at_1_std": 0.001206929180599176,
  "avg_recall_at_1_min": 0.2986792609272448,
  "avg_recall_at_1_max": 0.30163462738915453,
  "avg_recall_at_5_mean": 0.5932381039132435,
  "avg_recall_at_5_std": 0.004407523735416948,
  "avg_recall_at_5_min": 0.5870621274544816,
  "avg_recall_at_5_max": 0.5970557388400131,
  "avg_recall_at_20_mean": 0.7249193960973712,
  "avg_recall_at_20_std": 0.001524617512443911,
  "avg_recall_at_20_min": 0.7229543418051483,
  "avg_recall_at_20_max": 0.7266704341805149,
  "avg_success_at_k_mean": 0.8616564981285563,
  "avg_success_at_k_std": 0.006758781359850965,
  "avg_success_at_k_min": 0.8551307847082495,
  "avg_success_at_k_max": 0.8709677419354839
}