{
  "num_trials": 1,
  "trials": [
    {
      "trial": 1,
      "avg_query_time": 6.6584613214839585,
      "avg_recall_at_1": 0.4102533269199936,
      "avg_recall_at_5": 0.7450009866676535,
      "avg_recall_at_20": 0.8571982030315365,
      "avg_success_at_k": 0.9393939393939394
    }
  ],
  "avg_query_time_mean": 6.6584613214839585,
  "avg_query_time_std": 0.0,
  "avg_query_time_min": 6.6584613214839585,
  "avg_query_time_max": 6.6584613214839585,
  "avg_recall_at_1_mean": 0.4102533269199936,
  "avg_recall_at_1_std": 0.0,
  "avg_recall_at_1_min": 0.4102533269199936,
  "avg_recall_at_1_max": 0.4102533269199936,
  "avg_recall_at_5_mean": 0.7450009866676535,
  "avg_recall_at_5_std": 0.0,
  "avg_recall_at_5_min": 0.7450009866676535,
  "avg_recall_at_5_max": 0.7450009866676535,
  "avg_recall_at_20_mean": 0.8571982030315365,
  "avg_recall_at_20_std": 0.0,
  "avg_recall_at_20_min": 0.8571982030315365,
  "avg_recall_at_20_max": 0.8571982030315365,
  "avg_success_at_k_mean": 0.9393939393939394,
  "avg_success_at_k_std": 0.0,
  "avg_success_at_k_min": 0.9393939393939394,
  "avg_success_at_k_max": 0.9393939393939394
}