{
  "num_trials": 3,
  "trials": [
    {
      "trial": 1,
      "avg_query_time": 5.975177948552418,
      "avg_recall_at_1": 0.40703727167141796,
      "avg_recall_at_5": 0.6908201498140523,
      "avg_recall_at_20": 0.817477255129694,
      "avg_success_at_k": 0.8556910569105691
    },
    {
      "trial": 2,
      "avg_query_time": 6.209181737025741,
      "avg_recall_at_1": 0.42314121723490355,
      "avg_recall_at_5": 0.6953839383065452,
      "avg_recall_at_20": 0.8232494423431288,
      "avg_success_at_k": 0.8594704684317719
    },
    {
      "trial": 3,
      "avg_query_time": 6.293663039469671,
      "avg_recall_at_1": 0.4225302192715635,
      "avg_recall_at_5": 0.7096235852854997,
      "avg_recall_at_20": 0.8221179646332397,
      "avg_success_at_k": 0.8757637474541752
    }
  ],
  "avg_query_time_mean": 6.159340908349276,
  "avg_query_time_std": 0.13471270525705217,
  "avg_query_time_min": 5.975177948552418,
  "avg_query_time_max": 6.293663039469671,
  "avg_recall_at_1_mean": 0.4175695693926283,
  "avg_recall_at_1_std": 0.007451635216244435,
  "avg_recall_at_1_min": 0.40703727167141796,
  "avg_recall_at_1_max": 0.42314121723490355,
  "avg_recall_at_5_mean": 0.698609224468699,
  "avg_recall_at_5_std": 0.008008085476694087,
  "avg_recall_at_5_min": 0.6908201498140523,
  "avg_recall_at_5_max": 0.7096235852854997,
  "avg_recall_at_20_mean": 0.820948220702021,
  "avg_recall_at_20_std": 0.0024974336100888894,
  "avg_recall_at_20_min": 0.817477255129694,
  "avg_recall_at_20_max": 0.8232494423431288,
  "avg_success_at_k_mean": 0.8636417575988387,
  "avg_success_at_k_std": 0.008709304082466823,
  "avg_success_at_k_min": 0.8556910569105691,
  "avg_success_at_k_max": 0.8757637474541752
}