{
  "num_trials": 1,
  "trials": [
    {
      "trial": 1,
      "avg_query_time": 7.04476935779629,
      "avg_recall_at_1": 0.40484166866076415,
      "avg_recall_at_5": 0.7374405605561384,
      "avg_recall_at_20": 0.8579158000012271,
      "avg_nDCG_at_k": 0.7538331985798291
    }
  ],
  "avg_query_time_mean": 7.04476935779629,
  "avg_query_time_std": 0.0,
  "avg_query_time_min": 7.04476935779629,
  "avg_query_time_max": 7.04476935779629,
  "avg_recall_at_1_mean": 0.40484166866076415,
  "avg_recall_at_1_std": 0.0,
  "avg_recall_at_1_min": 0.40484166866076415,
  "avg_recall_at_1_max": 0.40484166866076415,
  "avg_recall_at_5_mean": 0.7374405605561384,
  "avg_recall_at_5_std": 0.0,
  "avg_recall_at_5_min": 0.7374405605561384,
  "avg_recall_at_5_max": 0.7374405605561384,
  "avg_recall_at_20_mean": 0.8579158000012271,
  "avg_recall_at_20_std": 0.0,
  "avg_recall_at_20_min": 0.8579158000012271,
  "avg_recall_at_20_max": 0.8579158000012271,
  "avg_nDCG_at_k_mean": 0.7538331985798291,
  "avg_nDCG_at_k_std": 0.0,
  "avg_nDCG_at_k_min": 0.7538331985798291,
  "avg_nDCG_at_k_max": 0.7538331985798291
}