{
  "num_trials": 3,
  "trials": [
    {
      "trial": 1,
      "avg_query_time": 6.94262601723594,
      "avg_recall_at_1": 0.3747551843317972,
      "avg_recall_at_5": 0.7073578247469378,
      "avg_recall_at_20": 0.834832998542676,
      "avg_success_at_k": 0.9314516129032258
    },
    {
      "trial": 2,
      "avg_query_time": 6.892403624891266,
      "avg_recall_at_1": 0.38149438637243516,
      "avg_recall_at_5": 0.7196579335298847,
      "avg_recall_at_20": 0.836421324835959,
      "avg_success_at_k": 0.9390243902439024
    },
    {
      "trial": 3,
      "avg_query_time": 7.701721940652416,
      "avg_recall_at_1": 0.37183105421394624,
      "avg_recall_at_5": 0.7086159540843858,
      "avg_recall_at_20": 0.8310691345314564,
      "avg_success_at_k": 0.9307535641547862
    }
  ],
  "avg_query_time_mean": 7.178917194259874,
  "avg_query_time_std": 0.3702469214917107,
  "avg_query_time_min": 6.892403624891266,
  "avg_query_time_max": 7.701721940652416,
  "avg_recall_at_1_mean": 0.37602687497272624,
  "avg_recall_at_1_std": 0.004046224158891124,
  "avg_recall_at_1_min": 0.37183105421394624,
  "avg_recall_at_1_max": 0.38149438637243516,
  "avg_recall_at_5_mean": 0.7118772374537361,
  "avg_recall_at_5_std": 0.005525706345767496,
  "avg_recall_at_5_min": 0.7073578247469378,
  "avg_recall_at_5_max": 0.7196579335298847,
  "avg_recall_at_20_mean": 0.8341078193033638,
  "avg_recall_at_20_std": 0.0022443854334390457,
  "avg_recall_at_20_min": 0.8310691345314564,
  "avg_recall_at_20_max": 0.836421324835959,
  "avg_success_at_k_mean": 0.933743189100638,
  "avg_success_at_k_std": 0.003745230936405347,
  "avg_success_at_k_min": 0.9307535641547862,
  "avg_success_at_k_max": 0.9390243902439024
}