{
  "num_trials": 1,
  "trials": [
    {
      "trial": 1,
      "avg_query_time": 0.3217136633396149,
      "avg_recall_at_1": 0.2350734126984127,
      "avg_recall_at_5": 0.4899384920634921,
      "avg_recall_at_20": 0.6522961760461761,
      "avg_success_at_k": 0.78
    }
  ],
  "avg_query_time_mean": 0.3217136633396149,
  "avg_query_time_std": 0.0,
  "avg_query_time_min": 0.3217136633396149,
  "avg_query_time_max": 0.3217136633396149,
  "avg_recall_at_1_mean": 0.2350734126984127,
  "avg_recall_at_1_std": 0.0,
  "avg_recall_at_1_min": 0.2350734126984127,
  "avg_recall_at_1_max": 0.2350734126984127,
  "avg_recall_at_5_mean": 0.4899384920634921,
  "avg_recall_at_5_std": 0.0,
  "avg_recall_at_5_min": 0.4899384920634921,
  "avg_recall_at_5_max": 0.4899384920634921,
  "avg_recall_at_20_mean": 0.6522961760461761,
  "avg_recall_at_20_std": 0.0,
  "avg_recall_at_20_min": 0.6522961760461761,
  "avg_recall_at_20_max": 0.6522961760461761,
  "avg_success_at_k_mean": 0.78,
  "avg_success_at_k_std": 0.0,
  "avg_success_at_k_min": 0.78,
  "avg_success_at_k_max": 0.78
}