{
  "num_trials": 1,
  "trials": [
    {
      "trial": 1,
      "avg_query_time": 7.177095631052395,
      "avg_recall_at_1": 0.24056584982980922,
      "avg_recall_at_5": 0.5577909251967493,
      "avg_recall_at_20": 0.7493359499170346,
      "avg_nDCG_at_k": 0.686470405951718
    }
  ],
  "avg_query_time_mean": 7.177095631052395,
  "avg_query_time_std": 0.0,
  "avg_query_time_min": 7.177095631052395,
  "avg_query_time_max": 7.177095631052395,
  "avg_recall_at_1_mean": 0.24056584982980922,
  "avg_recall_at_1_std": 0.0,
  "avg_recall_at_1_min": 0.24056584982980922,
  "avg_recall_at_1_max": 0.24056584982980922,
  "avg_recall_at_5_mean": 0.5577909251967493,
  "avg_recall_at_5_std": 0.0,
  "avg_recall_at_5_min": 0.5577909251967493,
  "avg_recall_at_5_max": 0.5577909251967493,
  "avg_recall_at_20_mean": 0.7493359499170346,
  "avg_recall_at_20_std": 0.0,
  "avg_recall_at_20_min": 0.7493359499170346,
  "avg_recall_at_20_max": 0.7493359499170346,
  "avg_nDCG_at_k_mean": 0.686470405951718,
  "avg_nDCG_at_k_std": 0.0,
  "avg_nDCG_at_k_min": 0.686470405951718,
  "avg_nDCG_at_k_max": 0.686470405951718
}