{
  "num_trials": 3,
  "trials": [
    {
      "trial": 1,
      "avg_query_time": 7.041216768881287,
      "avg_recall_at_1": 0.24375563269502662,
      "avg_recall_at_5": 0.5712454545867623,
      "avg_recall_at_20": 0.7461576458865135,
      "avg_success_at_k": 0.907070707070707
    },
    {
      "trial": 2,
      "avg_query_time": 7.148429361432187,
      "avg_recall_at_1": 0.240467174525879,
      "avg_recall_at_5": 0.5746516919167677,
      "avg_recall_at_20": 0.7361904822218055,
      "avg_success_at_k": 0.9068825910931174
    },
    {
      "trial": 3,
      "avg_query_time": 8.641376941121523,
      "avg_recall_at_1": 0.24026830264101143,
      "avg_recall_at_5": 0.5679502831823553,
      "avg_recall_at_20": 0.7391325888056514,
      "avg_success_at_k": 0.90020366598778
    }
  ],
  "avg_query_time_mean": 7.610341023811666,
  "avg_query_time_std": 0.7303651744561783,
  "avg_query_time_min": 7.041216768881287,
  "avg_query_time_max": 8.641376941121523,
  "avg_recall_at_1_mean": 0.241497036620639,
  "avg_recall_at_1_std": 0.0015991309467076177,
  "avg_recall_at_1_min": 0.24026830264101143,
  "avg_recall_at_1_max": 0.24375563269502662,
  "avg_recall_at_5_mean": 0.5712824765619617,
  "avg_recall_at_5_std": 0.0027359639040504414,
  "avg_recall_at_5_min": 0.5679502831823553,
  "avg_recall_at_5_max": 0.5746516919167677,
  "avg_recall_at_20_mean": 0.7404935723046568,
  "avg_recall_at_20_std": 0.004181331123234354,
  "avg_recall_at_20_min": 0.7361904822218055,
  "avg_recall_at_20_max": 0.7461576458865135,
  "avg_success_at_k_mean": 0.9047189880505347,
  "avg_success_at_k_std": 0.0031937383427634745,
  "avg_success_at_k_min": 0.90020366598778,
  "avg_success_at_k_max": 0.907070707070707
}