{
  "num_trials": 1,
  "trials": [
    {
      "trial": 1,
      "avg_query_time": 0.26653083086013796,
      "avg_recall_at_1": 0.3434781746031746,
      "avg_recall_at_5": 0.6616918498168499,
      "avg_recall_at_20": 0.817259768009768,
      "avg_nDCG_at_k": 0.6665576734594706
    }
  ],
  "avg_query_time_mean": 0.26653083086013796,
  "avg_query_time_std": 0.0,
  "avg_query_time_min": 0.26653083086013796,
  "avg_query_time_max": 0.26653083086013796,
  "avg_recall_at_1_mean": 0.3434781746031746,
  "avg_recall_at_1_std": 0.0,
  "avg_recall_at_1_min": 0.3434781746031746,
  "avg_recall_at_1_max": 0.3434781746031746,
  "avg_recall_at_5_mean": 0.6616918498168499,
  "avg_recall_at_5_std": 0.0,
  "avg_recall_at_5_min": 0.6616918498168499,
  "avg_recall_at_5_max": 0.6616918498168499,
  "avg_recall_at_20_mean": 0.817259768009768,
  "avg_recall_at_20_std": 0.0,
  "avg_recall_at_20_min": 0.817259768009768,
  "avg_recall_at_20_max": 0.817259768009768,
  "avg_nDCG_at_k_mean": 0.6665576734594706,
  "avg_nDCG_at_k_std": 0.0,
  "avg_nDCG_at_k_min": 0.6665576734594706,
  "avg_nDCG_at_k_max": 0.6665576734594706
}