{
  "num_trials": 1,
  "trials": [
    {
      "trial": 1,
      "avg_query_time": 7.261457307066372,
      "avg_recall_at_1": 0.5450901803607214,
      "avg_recall_at_5": 0.5196400682372626,
      "avg_recall_at_20": 0.6652189994374362,
      "avg_nDCG_at_k": 0.537376724007625
    }
  ],
  "avg_query_time_mean": 7.261457307066372,
  "avg_query_time_std": 0.0,
  "avg_query_time_min": 7.261457307066372,
  "avg_query_time_max": 7.261457307066372,
  "avg_recall_at_1_mean": 0.5450901803607214,
  "avg_recall_at_1_std": 0.0,
  "avg_recall_at_1_min": 0.5450901803607214,
  "avg_recall_at_1_max": 0.5450901803607214,
  "avg_recall_at_5_mean": 0.5196400682372626,
  "avg_recall_at_5_std": 0.0,
  "avg_recall_at_5_min": 0.5196400682372626,
  "avg_recall_at_5_max": 0.5196400682372626,
  "avg_recall_at_20_mean": 0.6652189994374362,
  "avg_recall_at_20_std": 0.0,
  "avg_recall_at_20_min": 0.6652189994374362,
  "avg_recall_at_20_max": 0.6652189994374362,
  "avg_nDCG_at_k_mean": 0.537376724007625,
  "avg_nDCG_at_k_std": 0.0,
  "avg_nDCG_at_k_min": 0.537376724007625,
  "avg_nDCG_at_k_max": 0.537376724007625
}