{
  "num_trials": 1,
  "trials": [
    {
      "trial": 1,
      "avg_query_time": 0.546386682510376,
      "avg_recall_at_1": 0.426,
      "avg_recall_at_5": 0.699,
      "avg_recall_at_20": 0.8753333333333333,
      "avg_nDCG_at_k": 0.6078764703827186
    }
  ],
  "avg_query_time_mean": 0.546386682510376,
  "avg_query_time_std": 0.0,
  "avg_query_time_min": 0.546386682510376,
  "avg_query_time_max": 0.546386682510376,
  "avg_recall_at_1_mean": 0.426,
  "avg_recall_at_1_std": 0.0,
  "avg_recall_at_1_min": 0.426,
  "avg_recall_at_1_max": 0.426,
  "avg_recall_at_5_mean": 0.699,
  "avg_recall_at_5_std": 0.0,
  "avg_recall_at_5_min": 0.699,
  "avg_recall_at_5_max": 0.699,
  "avg_recall_at_20_mean": 0.8753333333333333,
  "avg_recall_at_20_std": 0.0,
  "avg_recall_at_20_min": 0.8753333333333333,
  "avg_recall_at_20_max": 0.8753333333333333,
  "avg_nDCG_at_k_mean": 0.6078764703827186,
  "avg_nDCG_at_k_std": 0.0,
  "avg_nDCG_at_k_min": 0.6078764703827186,
  "avg_nDCG_at_k_max": 0.6078764703827186
}