{
  "num_trials": 3,
  "trials": [
    {
      "trial": 1,
      "avg_query_time": 6.920747690774924,
      "avg_recall_at_1": 0.6889632107023411,
      "avg_recall_at_5": 0.836510590858417,
      "avg_recall_at_20": 0.9023411371237459,
      "avg_nDCG_at_k": 0.7800377080242583
    },
    {
      "trial": 2,
      "avg_query_time": 5.653625700386073,
      "avg_recall_at_1": 0.6889632107023411,
      "avg_recall_at_5": 0.8497770345596432,
      "avg_recall_at_20": 0.9062430323299889,
      "avg_nDCG_at_k": 0.7859273345699765
    },
    {
      "trial": 3,
      "avg_query_time": 5.642113062051626,
      "avg_recall_at_1": 0.6923076923076923,
      "avg_recall_at_5": 0.8341694537346711,
      "avg_recall_at_20": 0.9063545150501672,
      "avg_nDCG_at_k": 0.7823560961962016
    }
  ],
  "avg_query_time_mean": 6.0721621510708745,
  "avg_query_time_std": 0.600058996464217,
  "avg_query_time_min": 5.642113062051626,
  "avg_query_time_max": 6.920747690774924,
  "avg_recall_at_1_mean": 0.6900780379041249,
  "avg_recall_at_1_std": 0.0015766037484649877,
  "avg_recall_at_1_min": 0.6889632107023411,
  "avg_recall_at_1_max": 0.6923076923076923,
  "avg_recall_at_5_mean": 0.840152359717577,
  "avg_recall_at_5_std": 0.0068724573537985705,
  "avg_recall_at_5_min": 0.8341694537346711,
  "avg_recall_at_5_max": 0.8497770345596432,
  "avg_recall_at_20_mean": 0.9049795615013007,
  "avg_recall_at_20_std": 0.0018662028286123551,
  "avg_recall_at_20_min": 0.9023411371237459,
  "avg_recall_at_20_max": 0.9063545150501672,
  "avg_nDCG_at_k_mean": 0.7827737129301454,
  "avg_nDCG_at_k_std": 0.0024224956848065693,
  "avg_nDCG_at_k_min": 0.7800377080242583,
  "avg_nDCG_at_k_max": 0.7859273345699765
}