{
  "num_trials": 1,
  "trials": [
    {
      "trial": 1,
      "avg_query_time": 4.965718783453137,
      "avg_recall_at_1": 0.7234468937875751,
      "avg_recall_at_5": 0.7061843467154089,
      "avg_recall_at_20": 0.8252708714131559,
      "avg_success_at_k": 0.9318637274549099
    }
  ],
  "avg_query_time_mean": 4.965718783453137,
  "avg_query_time_std": 0.0,
  "avg_query_time_min": 4.965718783453137,
  "avg_query_time_max": 4.965718783453137,
  "avg_recall_at_1_mean": 0.7234468937875751,
  "avg_recall_at_1_std": 0.0,
  "avg_recall_at_1_min": 0.7234468937875751,
  "avg_recall_at_1_max": 0.7234468937875751,
  "avg_recall_at_5_mean": 0.7061843467154089,
  "avg_recall_at_5_std": 0.0,
  "avg_recall_at_5_min": 0.7061843467154089,
  "avg_recall_at_5_max": 0.7061843467154089,
  "avg_recall_at_20_mean": 0.8252708714131559,
  "avg_recall_at_20_std": 0.0,
  "avg_recall_at_20_min": 0.8252708714131559,
  "avg_recall_at_20_max": 0.8252708714131559,
  "avg_success_at_k_mean": 0.9318637274549099,
  "avg_success_at_k_std": 0.0,
  "avg_success_at_k_min": 0.9318637274549099,
  "avg_success_at_k_max": 0.9318637274549099
}