{
  "num_trials": 3,
  "trials": [
    {
      "trial": 1,
      "avg_query_time": 5.277942017228426,
      "avg_recall_at_1": 0.7995991983967936,
      "avg_recall_at_5": 0.575642220990813,
      "avg_recall_at_20": 0.7417872863580067,
      "avg_success_at_k": 0.9098196392785571
    },
    {
      "trial": 2,
      "avg_query_time": 5.279514129234083,
      "avg_recall_at_1": 0.793939393939394,
      "avg_recall_at_5": 0.57538193538991,
      "avg_recall_at_20": 0.7412713127146938,
      "avg_success_at_k": 0.9151515151515152
    },
    {
      "trial": 3,
      "avg_query_time": 5.355633127162734,
      "avg_recall_at_1": 0.7971887550200804,
      "avg_recall_at_5": 0.5729622226689443,
      "avg_recall_at_20": 0.7484308183420422,
      "avg_success_at_k": 0.9056224899598394
    }
  ],
  "avg_query_time_mean": 5.3043630912084145,
  "avg_query_time_std": 0.03625907081092486,
  "avg_query_time_min": 5.277942017228426,
  "avg_query_time_max": 5.355633127162734,
  "avg_recall_at_1_mean": 0.7969091157854226,
  "avg_recall_at_1_std": 0.0023190508403468637,
  "avg_recall_at_1_min": 0.793939393939394,
  "avg_recall_at_1_max": 0.7995991983967936,
  "avg_recall_at_5_mean": 0.5746621263498891,
  "avg_recall_at_5_std": 0.0012067011620879656,
  "avg_recall_at_5_min": 0.5729622226689443,
  "avg_recall_at_5_max": 0.575642220990813,
  "avg_recall_at_20_mean": 0.7438298058049142,
  "avg_recall_at_20_std": 0.0032602192641247004,
  "avg_recall_at_20_min": 0.7412713127146938,
  "avg_recall_at_20_max": 0.7484308183420422,
  "avg_success_at_k_mean": 0.9101978814633039,
  "avg_success_at_k_std": 0.003899391460098981,
  "avg_success_at_k_min": 0.9056224899598394,
  "avg_success_at_k_max": 0.9151515151515152
}