{
  "num_trials": 1,
  "trials": [
    {
      "trial": 1,
      "avg_query_time": 0.28927156109830515,
      "avg_recall_at_1": 0.564935064935065,
      "avg_recall_at_5": 0.6495355143894105,
      "avg_recall_at_20": 0.8020854806569092,
      "avg_success_at_k": 0.829004329004329
    }
  ],
  "avg_query_time_mean": 0.28927156109830515,
  "avg_query_time_std": 0.0,
  "avg_query_time_min": 0.28927156109830515,
  "avg_query_time_max": 0.28927156109830515,
  "avg_recall_at_1_mean": 0.564935064935065,
  "avg_recall_at_1_std": 0.0,
  "avg_recall_at_1_min": 0.564935064935065,
  "avg_recall_at_1_max": 0.564935064935065,
  "avg_recall_at_5_mean": 0.6495355143894105,
  "avg_recall_at_5_std": 0.0,
  "avg_recall_at_5_min": 0.6495355143894105,
  "avg_recall_at_5_max": 0.6495355143894105,
  "avg_recall_at_20_mean": 0.8020854806569092,
  "avg_recall_at_20_std": 0.0,
  "avg_recall_at_20_min": 0.8020854806569092,
  "avg_recall_at_20_max": 0.8020854806569092,
  "avg_success_at_k_mean": 0.829004329004329,
  "avg_success_at_k_std": 0.0,
  "avg_success_at_k_min": 0.829004329004329,
  "avg_success_at_k_max": 0.829004329004329
}