{
  "num_trials": 1,
  "trials": [
    {
      "trial": 1,
      "avg_query_time": 0.2639184527397156,
      "avg_recall_at_1": 0.652,
      "avg_recall_at_5": 0.4701250950803582,
      "avg_recall_at_20": 0.6794677074387601,
      "avg_success_at_k": 0.856
    }
  ],
  "avg_query_time_mean": 0.2639184527397156,
  "avg_query_time_std": 0.0,
  "avg_query_time_min": 0.2639184527397156,
  "avg_query_time_max": 0.2639184527397156,
  "avg_recall_at_1_mean": 0.652,
  "avg_recall_at_1_std": 0.0,
  "avg_recall_at_1_min": 0.652,
  "avg_recall_at_1_max": 0.652,
  "avg_recall_at_5_mean": 0.4701250950803582,
  "avg_recall_at_5_std": 0.0,
  "avg_recall_at_5_min": 0.4701250950803582,
  "avg_recall_at_5_max": 0.4701250950803582,
  "avg_recall_at_20_mean": 0.6794677074387601,
  "avg_recall_at_20_std": 0.0,
  "avg_recall_at_20_min": 0.6794677074387601,
  "avg_recall_at_20_max": 0.6794677074387601,
  "avg_success_at_k_mean": 0.856,
  "avg_success_at_k_std": 0.0,
  "avg_success_at_k_min": 0.856,
  "avg_success_at_k_max": 0.856
}