{
  "num_trials": 1,
  "trials": [
    {
      "trial": 1,
      "avg_query_time": 0.39426423168182373,
      "avg_recall_at_1": 0.564,
      "avg_recall_at_5": 0.5041258297258298,
      "avg_recall_at_20": 0.6717132756132755,
      "avg_success_at_k": 0.8
    }
  ],
  "avg_query_time_mean": 0.39426423168182373,
  "avg_query_time_std": 0.0,
  "avg_query_time_min": 0.39426423168182373,
  "avg_query_time_max": 0.39426423168182373,
  "avg_recall_at_1_mean": 0.564,
  "avg_recall_at_1_std": 0.0,
  "avg_recall_at_1_min": 0.564,
  "avg_recall_at_1_max": 0.564,
  "avg_recall_at_5_mean": 0.5041258297258298,
  "avg_recall_at_5_std": 0.0,
  "avg_recall_at_5_min": 0.5041258297258298,
  "avg_recall_at_5_max": 0.5041258297258298,
  "avg_recall_at_20_mean": 0.6717132756132755,
  "avg_recall_at_20_std": 0.0,
  "avg_recall_at_20_min": 0.6717132756132755,
  "avg_recall_at_20_max": 0.6717132756132755,
  "avg_success_at_k_mean": 0.8,
  "avg_success_at_k_std": 0.0,
  "avg_success_at_k_min": 0.8,
  "avg_success_at_k_max": 0.8
}