{
  "num_trials": 1,
  "trials": [
    {
      "trial": 1,
      "avg_query_time": 0.24972381114959716,
      "avg_recall_at_1": 0.58,
      "avg_recall_at_5": 0.7865,
      "avg_recall_at_20": 0.8858888888888888,
      "avg_nDCG_at_k": 0.7108607560114971
    }
  ],
  "avg_query_time_mean": 0.24972381114959716,
  "avg_query_time_std": 0.0,
  "avg_query_time_min": 0.24972381114959716,
  "avg_query_time_max": 0.24972381114959716,
  "avg_recall_at_1_mean": 0.58,
  "avg_recall_at_1_std": 0.0,
  "avg_recall_at_1_min": 0.58,
  "avg_recall_at_1_max": 0.58,
  "avg_recall_at_5_mean": 0.7865,
  "avg_recall_at_5_std": 0.0,
  "avg_recall_at_5_min": 0.7865,
  "avg_recall_at_5_max": 0.7865,
  "avg_recall_at_20_mean": 0.8858888888888888,
  "avg_recall_at_20_std": 0.0,
  "avg_recall_at_20_min": 0.8858888888888888,
  "avg_recall_at_20_max": 0.8858888888888888,
  "avg_nDCG_at_k_mean": 0.7108607560114971,
  "avg_nDCG_at_k_std": 0.0,
  "avg_nDCG_at_k_min": 0.7108607560114971,
  "avg_nDCG_at_k_max": 0.7108607560114971
}