{
  "num_trials": 3,
  "trials": [
    {
      "trial": 1,
      "avg_query_time": 6.168601563833292,
      "avg_recall_at_1": 0.4563106796116505,
      "avg_recall_at_5": 0.35902890472384597,
      "avg_recall_at_20": 0.5237755360519797,
      "avg_nDCG_at_k": 0.4096559522213632
    },
    {
      "trial": 2,
      "avg_query_time": 6.263047593311199,
      "avg_recall_at_1": 0.4368932038834951,
      "avg_recall_at_5": 0.3465740371591164,
      "avg_recall_at_20": 0.5122706723243259,
      "avg_nDCG_at_k": 0.40672675126356733
    },
    {
      "trial": 3,
      "avg_query_time": 6.314832624879855,
      "avg_recall_at_1": 0.4077669902912621,
      "avg_recall_at_5": 0.3480558971488966,
      "avg_recall_at_20": 0.4885871169085272,
      "avg_nDCG_at_k": 0.3884810043321141
    }
  ],
  "avg_query_time_mean": 6.248827260674783,
  "avg_query_time_std": 0.060539486832527765,
  "avg_query_time_min": 6.168601563833292,
  "avg_query_time_max": 6.314832624879855,
  "avg_recall_at_1_mean": 0.4336569579288026,
  "avg_recall_at_1_std": 0.01994955988015851,
  "avg_recall_at_1_min": 0.4077669902912621,
  "avg_recall_at_1_max": 0.4563106796116505,
  "avg_recall_at_5_mean": 0.3512196130106197,
  "avg_recall_at_5_std": 0.005555043057380484,
  "avg_recall_at_5_min": 0.3465740371591164,
  "avg_recall_at_5_max": 0.35902890472384597,
  "avg_recall_at_20_mean": 0.5082111084282775,
  "avg_recall_at_20_std": 0.014649601922313968,
  "avg_recall_at_20_min": 0.4885871169085272,
  "avg_recall_at_20_max": 0.5237755360519797,
  "avg_nDCG_at_k_mean": 0.40162123593901483,
  "avg_nDCG_at_k_std": 0.009368184440791573,
  "avg_nDCG_at_k_min": 0.3884810043321141,
  "avg_nDCG_at_k_max": 0.4096559522213632
}