{
  "num_trials": 1,
  "trials": [
    {
      "trial": 1,
      "avg_query_time": 0.3144427229618204,
      "avg_recall_at_1": 0.2413793103448276,
      "avg_recall_at_5": 0.24507325327425142,
      "avg_recall_at_20": 0.34649289760451285
    }
  ],
  "avg_query_time_mean": 0.3144427229618204,
  "avg_query_time_std": 0.0,
  "avg_query_time_min": 0.3144427229618204,
  "avg_query_time_max": 0.3144427229618204,
  "avg_recall_at_1_mean": 0.2413793103448276,
  "avg_recall_at_1_std": 0.0,
  "avg_recall_at_1_min": 0.2413793103448276,
  "avg_recall_at_1_max": 0.2413793103448276,
  "avg_recall_at_5_mean": 0.24507325327425142,
  "avg_recall_at_5_std": 0.0,
  "avg_recall_at_5_min": 0.24507325327425142,
  "avg_recall_at_5_max": 0.24507325327425142,
  "avg_recall_at_20_mean": 0.34649289760451285,
  "avg_recall_at_20_std": 0.0,
  "avg_recall_at_20_min": 0.34649289760451285,
  "avg_recall_at_20_max": 0.34649289760451285
}