{
  "num_trials": 1,
  "trials": [
    {
      "trial": 1,
      "avg_query_time": 0.3184228627988608,
      "avg_recall_at_1": 0.16831683168316833,
      "avg_recall_at_5": 0.15532020989213768,
      "avg_recall_at_20": 0.28315589262007435,
      "avg_nDCG_at_k": 0.18755725274928384
    }
  ],
  "avg_query_time_mean": 0.3184228627988608,
  "avg_query_time_std": 0.0,
  "avg_query_time_min": 0.3184228627988608,
  "avg_query_time_max": 0.3184228627988608,
  "avg_recall_at_1_mean": 0.16831683168316833,
  "avg_recall_at_1_std": 0.0,
  "avg_recall_at_1_min": 0.16831683168316833,
  "avg_recall_at_1_max": 0.16831683168316833,
  "avg_recall_at_5_mean": 0.15532020989213768,
  "avg_recall_at_5_std": 0.0,
  "avg_recall_at_5_min": 0.15532020989213768,
  "avg_recall_at_5_max": 0.15532020989213768,
  "avg_recall_at_20_mean": 0.28315589262007435,
  "avg_recall_at_20_std": 0.0,
  "avg_recall_at_20_min": 0.28315589262007435,
  "avg_recall_at_20_max": 0.28315589262007435,
  "avg_nDCG_at_k_mean": 0.18755725274928384,
  "avg_nDCG_at_k_std": 0.0,
  "avg_nDCG_at_k_min": 0.18755725274928384,
  "avg_nDCG_at_k_max": 0.18755725274928384
}