{
  "num_trials": 1,
  "trials": [
    {
      "trial": 1,
      "avg_query_time": 0.2813885731272178,
      "avg_recall_at_1": 0.15841584158415842,
      "avg_recall_at_5": 0.2220660600164287,
      "avg_recall_at_20": 0.33486522103026395,
      "avg_nDCG_at_k": 0.22033487916446926
    }
  ],
  "avg_query_time_mean": 0.2813885731272178,
  "avg_query_time_std": 0.0,
  "avg_query_time_min": 0.2813885731272178,
  "avg_query_time_max": 0.2813885731272178,
  "avg_recall_at_1_mean": 0.15841584158415842,
  "avg_recall_at_1_std": 0.0,
  "avg_recall_at_1_min": 0.15841584158415842,
  "avg_recall_at_1_max": 0.15841584158415842,
  "avg_recall_at_5_mean": 0.2220660600164287,
  "avg_recall_at_5_std": 0.0,
  "avg_recall_at_5_min": 0.2220660600164287,
  "avg_recall_at_5_max": 0.2220660600164287,
  "avg_recall_at_20_mean": 0.33486522103026395,
  "avg_recall_at_20_std": 0.0,
  "avg_recall_at_20_min": 0.33486522103026395,
  "avg_recall_at_20_max": 0.33486522103026395,
  "avg_nDCG_at_k_mean": 0.22033487916446926,
  "avg_nDCG_at_k_std": 0.0,
  "avg_nDCG_at_k_min": 0.22033487916446926,
  "avg_nDCG_at_k_max": 0.22033487916446926
}