{
  "num_trials": 1,
  "trials": [
    {
      "trial": 1,
      "avg_query_time": 0.2834801187793028,
      "avg_recall_at_1": 0.11650485436893204,
      "avg_recall_at_5": 0.14496047106735735,
      "avg_recall_at_20": 0.2550708271414452,
      "avg_nDCG_at_k": 0.16838094855311406
    }
  ],
  "avg_query_time_mean": 0.2834801187793028,
  "avg_query_time_std": 0.0,
  "avg_query_time_min": 0.2834801187793028,
  "avg_query_time_max": 0.2834801187793028,
  "avg_recall_at_1_mean": 0.11650485436893204,
  "avg_recall_at_1_std": 0.0,
  "avg_recall_at_1_min": 0.11650485436893204,
  "avg_recall_at_1_max": 0.11650485436893204,
  "avg_recall_at_5_mean": 0.14496047106735735,
  "avg_recall_at_5_std": 0.0,
  "avg_recall_at_5_min": 0.14496047106735735,
  "avg_recall_at_5_max": 0.14496047106735735,
  "avg_recall_at_20_mean": 0.2550708271414452,
  "avg_recall_at_20_std": 0.0,
  "avg_recall_at_20_min": 0.2550708271414452,
  "avg_recall_at_20_max": 0.2550708271414452,
  "avg_nDCG_at_k_mean": 0.16838094855311406,
  "avg_nDCG_at_k_std": 0.0,
  "avg_nDCG_at_k_min": 0.16838094855311406,
  "avg_nDCG_at_k_max": 0.16838094855311406
}