{
  "num_trials": 3,
  "trials": [
    {
      "trial": 1,
      "avg_query_time": 7.125843692862469,
      "avg_recall_at_1": 0.5391304347826087,
      "avg_recall_at_5": 0.393662161001978,
      "avg_recall_at_20": 0.5060701655324081
    },
    {
      "trial": 2,
      "avg_query_time": 6.811496321497293,
      "avg_recall_at_1": 0.5689655172413793,
      "avg_recall_at_5": 0.42607893656555185,
      "avg_recall_at_20": 0.546984215371239
    },
    {
      "trial": 3,
      "avg_query_time": 6.819690984228383,
      "avg_recall_at_1": 0.5217391304347826,
      "avg_recall_at_5": 0.39583612357639825,
      "avg_recall_at_20": 0.5237796236308822
    }
  ],
  "avg_query_time_mean": 6.919010332862715,
  "avg_query_time_std": 0.14629152910292986,
  "avg_query_time_min": 6.811496321497293,
  "avg_query_time_max": 7.125843692862469,
  "avg_recall_at_1_mean": 0.5432783608195902,
  "avg_recall_at_1_std": 0.01950191222261338,
  "avg_recall_at_1_min": 0.5217391304347826,
  "avg_recall_at_1_max": 0.5689655172413793,
  "avg_recall_at_5_mean": 0.40519240704797604,
  "avg_recall_at_5_std": 0.014795649468344167,
  "avg_recall_at_5_min": 0.393662161001978,
  "avg_recall_at_5_max": 0.42607893656555185,
  "avg_recall_at_20_mean": 0.5256113348448431,
  "avg_recall_at_20_std": 0.016753233380099024,
  "avg_recall_at_20_min": 0.5060701655324081,
  "avg_recall_at_20_max": 0.546984215371239
}