{
  "num_trials": 3,
  "trials": [
    {
      "trial": 1,
      "avg_query_time": 5.3360122133363115,
      "avg_recall_at_1": 0.7327935222672065,
      "avg_recall_at_5": 0.714040463584998,
      "avg_recall_at_20": 0.8303691304197377,
      "avg_success_at_k": 0.9291497975708503
    },
    {
      "trial": 2,
      "avg_query_time": 5.1150858499170315,
      "avg_recall_at_1": 0.7357723577235772,
      "avg_recall_at_5": 0.7091637134320061,
      "avg_recall_at_20": 0.831345918083723,
      "avg_success_at_k": 0.9329268292682927
    },
    {
      "trial": 3,
      "avg_query_time": 5.110707471548192,
      "avg_recall_at_1": 0.7243460764587525,
      "avg_recall_at_5": 0.7099539237869218,
      "avg_recall_at_20": 0.8345610291787353,
      "avg_success_at_k": 0.93158953722334
    }
  ],
  "avg_query_time_mean": 5.187268511600512,
  "avg_query_time_std": 0.10519286779953793,
  "avg_query_time_min": 5.110707471548192,
  "avg_query_time_max": 5.3360122133363115,
  "avg_recall_at_1_mean": 0.7309706521498454,
  "avg_recall_at_1_std": 0.004839567300513348,
  "avg_recall_at_1_min": 0.7243460764587525,
  "avg_recall_at_1_max": 0.7357723577235772,
  "avg_recall_at_5_mean": 0.7110527002679753,
  "avg_recall_at_5_std": 0.0021371562616654374,
  "avg_recall_at_5_min": 0.7091637134320061,
  "avg_recall_at_5_max": 0.714040463584998,
  "avg_recall_at_20_mean": 0.8320920258940654,
  "avg_recall_at_20_std": 0.0017908120038894423,
  "avg_recall_at_20_min": 0.8303691304197377,
  "avg_recall_at_20_max": 0.8345610291787353,
  "avg_success_at_k_mean": 0.9312220546874942,
  "avg_success_at_k_std": 0.0015637081295188455,
  "avg_success_at_k_min": 0.9291497975708503,
  "avg_success_at_k_max": 0.9329268292682927
}