{
  "num_trials": 1,
  "trials": [
    {
      "trial": 1,
      "avg_query_time": 0.27527706146240233,
      "avg_recall_at_1": 0.42,
      "avg_recall_at_5": 0.7358333333333333,
      "avg_recall_at_20": 0.9033333333333333
    }
  ],
  "avg_query_time_mean": 0.27527706146240233,
  "avg_query_time_std": 0.0,
  "avg_query_time_min": 0.27527706146240233,
  "avg_query_time_max": 0.27527706146240233,
  "avg_recall_at_1_mean": 0.42,
  "avg_recall_at_1_std": 0.0,
  "avg_recall_at_1_min": 0.42,
  "avg_recall_at_1_max": 0.42,
  "avg_recall_at_5_mean": 0.7358333333333333,
  "avg_recall_at_5_std": 0.0,
  "avg_recall_at_5_min": 0.7358333333333333,
  "avg_recall_at_5_max": 0.7358333333333333,
  "avg_recall_at_20_mean": 0.9033333333333333,
  "avg_recall_at_20_std": 0.0,
  "avg_recall_at_20_min": 0.9033333333333333,
  "avg_recall_at_20_max": 0.9033333333333333
}